Preț deschidere,Preț închidere,Preț maxim,Preț minim,Volum,Timp început
674.4,681.4,669.5,677.9,76.3032,2023-01-01 00:00:00
678.5,688.9,677.8,678.8,92.4396,2023-01-01 01:00:00
678.5,686.0,661.6,669.5,135.6241,2023-01-01 02:00:00
666.2,678.2,663.9,675.6,96.168,2023-01-01 03:00:00
675.6,677.6,666.2,666.9,57.9631,2023-01-01 04:00:00
666.9,667.4,644.0,657.0,169.7024,2023-01-01 05:00:00
657.4,658.8,639.0,641.9,152.4811,2023-01-01 06:00:00
642.3,654.6,624.7,639.3,239.7685,2023-01-01 07:00:00
637.5,672.3,637.5,658.2,26.5561,2023-01-01 08:00:00
659.0,679.3,659.0,662.9,43.2608,2023-01-01 09:00:00
665.6,688.9,665.6,674.4,26.7694,2023-01-01 10:00:00
673.5,676.6,658.0,665.0,57.9333,2023-01-01 11:00:00
665.0,665.1,656.1,663.7,25.5307,2023-01-01 12:00:00
663.6,674.0,659.6,668.9,256.9492,2023-01-01 13:00:00
668.9,680.4,666.8,671.5,80.6307,2023-01-01 14:00:00
671.5,672.6,663.1,666.5,61.5642,2023-01-01 15:00:00
663.8,666.9,662.2,666.9,115.7203,2023-01-01 16:00:00
664.2,677.1,663.3,676.9,75.2884,2023-01-01 17:00:00
677.6,687.1,674.4,683.9,135.4844,2023-01-01 18:00:00
683.2,700.0,677.6,690.3,131.5857,2023-01-01 19:00:00
692.7,694.0,680.7,690.6,123.8007,2023-01-01 20:00:00
685.0,702.5,685.0,694.6,275.5449,2023-01-01 21:00:00
698.5,723.8,697.0,716.7,227.5069,2023-01-01 22:00:00
717.8,717.8,706.3,712.5,115.6706,2023-01-01 23:00:00
716.0,724.9,698.9,704.2,178.4715,2023-01-02 00:00:00
703.9,704.4,677.0,684.3,1403.9146,2023-01-02 01:00:00
682.7,700.1,669.0,692.3,1991.7341,2023-01-02 02:00:00
692.3,702.0,684.4,686.5,94.3295,2023-01-02 03:00:00
689.1,694.2,650.1,681.8,296.2123,2023-01-02 04:00:00
676.7,701.4,666.7,681.5,56.9002,2023-01-02 05:00:00
678.5,720.4,673.1,713.7,49.4646,2023-01-02 06:00:00
716.4,738.0,713.6,725.9,121.743,2023-01-02 07:00:00
728.3,728.3,717.3,721.8,57.2707,2023-01-02 08:00:00
721.8,730.0,711.0,730.0,214.7041,2023-01-02 09:00:00
728.8,748.8,725.0,740.4,284.3791,2023-01-02 10:00:00
740.5,740.5,725.2,726.7,273.9893,2023-01-02 11:00:00
727.0,729.0,719.5,719.5,67.3979,2023-01-02 12:00:00
719.5,730.9,716.5,730.9,79.9007,2023-01-02 13:00:00
728.4,731.5,722.7,722.7,108.3252,2023-01-02 14:00:00
723.2,729.0,708.1,721.0,327.387,2023-01-02 15:00:00
722.2,737.5,702.0,733.3,195.1329,2023-01-02 16:00:00
737.7,745.9,726.3,727.6,264.9541,2023-01-02 17:00:00
727.8,743.4,710.0,710.3,147.3256,2023-01-02 18:00:00
713.2,730.9,700.0,716.6,150.1432,2023-01-02 19:00:00
716.2,719.9,704.6,715.2,57.8048,2023-01-02 20:00:00
714.8,723.8,708.5,710.1,121.6291,2023-01-02 21:00:00
712.4,722.9,709.4,719.9,36.5649,2023-01-02 22:00:00
719.9,729.0,717.0,726.2,47.4303,2023-01-02 23:00:00
724.4,726.9,710.9,710.9,82.4863,2023-01-03 00:00:00
712.1,714.9,706.0,711.1,341.8324,2023-01-03 01:00:00
711.1,718.0,705.0,708.6,68.7216,2023-01-03 02:00:00
710.1,712.0,700.4,702.7,109.981,2023-01-03 03:00:00
704.8,711.8,704.8,710.0,36.1207,2023-01-03 04:00:00
710.0,713.8,703.0,703.9,76.0093,2023-01-03 05:00:00
707.8,711.9,701.5,703.7,22.0881,2023-01-03 06:00:00
704.9,705.3,702.0,703.8,15.2427,2023-01-03 07:00:00
704.0,714.3,703.3,709.2,27.9337,2023-01-03 08:00:00
708.5,709.4,699.0,708.7,42.7876,2023-01-03 09:00:00
708.9,720.0,704.1,708.4,61.7594,2023-01-03 10:00:00
705.5,716.0,705.5,713.6,45.0305,2023-01-03 11:00:00
710.4,715.9,705.9,714.3,26.6836,2023-01-03 12:00:00
714.7,719.4,709.6,710.6,21.4375,2023-01-03 13:00:00
713.4,713.4,701.2,704.8,62.6768,2023-01-03 14:00:00
704.8,708.1,692.9,701.2,164.1568,2023-01-03 15:00:00
699.7,700.8,696.1,697.8,113.6111,2023-01-03 16:00:00
698.4,705.7,697.3,701.9,280.2358,2023-01-03 17:00:00
703.0,708.3,700.3,704.9,77.995,2023-01-03 18:00:00
704.4,706.8,703.2,705.3,35.529,2023-01-03 19:00:00
706.1,706.7,698.0,704.7,28.4611,2023-01-03 20:00:00
704.0,705.1,696.6,705.1,24.2478,2023-01-03 21:00:00
705.7,706.7,690.1,694.5,39.5669,2023-01-03 22:00:00
694.5,695.3,686.6,688.1,156.2073,2023-01-03 23:00:00
688.3,703.1,688.3,703.1,83.2578,2023-01-04 00:00:00
703.7,705.4,692.0,692.0,52.3665,2023-01-04 01:00:00
693.8,698.6,692.2,692.7,34.9132,2023-01-04 02:00:00
693.5,700.0,692.7,698.3,37.301,2023-01-04 03:00:00
698.3,699.7,695.6,696.8,6.7712,2023-01-04 04:00:00
696.8,704.9,696.8,699.0,8.7058,2023-01-04 05:00:00
700.0,708.8,700.0,708.8,4.4915,2023-01-04 06:00:00
707.3,710.0,699.6,703.0,17.0984,2023-01-04 07:00:00
702.6,703.3,697.0,697.0,5.2267,2023-01-04 08:00:00
697.0,697.0,694.0,694.0,6.2047,2023-01-04 09:00:00
692.0,697.0,688.0,688.0,36.8501,2023-01-04 10:00:00
687.6,688.6,682.2,684.0,77.245,2023-01-04 11:00:00
683.8,689.7,682.7,688.4,67.0884,2023-01-04 12:00:00
690.0,698.3,689.7,695.2,42.9114,2023-01-04 13:00:00
696.0,697.8,687.3,690.3,31.7965,2023-01-04 14:00:00
688.4,692.0,676.1,680.0,848.6506,2023-01-04 15:00:00
681.9,688.4,680.1,682.7,518.3457,2023-01-04 16:00:00
682.5,692.1,681.3,690.2,42.0972,2023-01-04 17:00:00
689.1,695.1,685.3,691.9,104.6063,2023-01-04 18:00:00
693.2,700.1,692.0,700.1,128.6095,2023-01-04 19:00:00
702.1,704.0,696.6,699.8,357.7491,2023-01-04 20:00:00
699.4,704.0,693.7,701.4,363.8737,2023-01-04 21:00:00
701.5,702.9,690.0,691.4,67.1134,2023-01-04 22:00:00
691.8,701.0,690.3,701.0,21.654,2023-01-04 23:00:00
701.5,702.2,691.7,694.1,122.2863,2023-01-05 00:00:00
691.8,692.4,687.2,689.9,64.2776,2023-01-05 01:00:00
690.6,693.5,686.5,689.2,152.3237,2023-01-05 02:00:00
687.4,698.1,686.4,698.1,33.3159,2023-01-05 03:00:00
698.0,710.2,696.4,707.6,183.9349,2023-01-05 04:00:00
708.8,716.5,704.7,713.9,46.141,2023-01-05 05:00:00
712.0,714.6,702.6,703.0,1263.3124,2023-01-05 06:00:00
710.9,710.9,692.5,692.5,11.5501,2023-01-05 07:00:00
692.6,692.9,673.8,673.8,242.6895,2023-01-05 08:00:00
674.4,676.2,664.7,673.4,79.2404,2023-01-05 09:00:00
671.6,678.6,668.8,678.5,24.4539,2023-01-05 10:00:00
678.5,684.2,678.5,681.5,53.4787,2023-01-05 11:00:00
682.2,682.2,669.5,673.0,152.5762,2023-01-05 12:00:00
672.9,681.9,655.3,677.7,275.4538,2023-01-05 13:00:00
677.6,677.6,658.6,658.6,111.2851,2023-01-05 14:00:00
662.6,675.9,658.7,661.7,185.3595,2023-01-05 15:00:00
661.4,667.0,660.7,665.8,53.2142,2023-01-05 16:00:00
666.3,666.3,650.1,652.0,135.1907,2023-01-05 17:00:00
651.5,661.0,642.0,661.0,571.7076,2023-01-05 18:00:00
660.4,737.0,656.7,670.0,352.3599,2023-01-05 19:00:00
672.2,681.1,666.0,677.7,131.1517,2023-01-05 20:00:00
675.4,678.1,647.6,655.7,185.7085,2023-01-05 21:00:00
653.7,663.9,650.7,656.9,129.657,2023-01-05 22:00:00
660.4,664.3,649.6,649.6,40.5857,2023-01-05 23:00:00
649.6,654.1,628.0,645.9,364.0814,2023-01-06 00:00:00
645.5,649.0,639.9,643.0,77.0623,2023-01-06 01:00:00
642.8,644.5,604.0,616.8,276.2693,2023-01-06 02:00:00
614.5,624.8,402.0,593.7,1829.6735,2023-01-06 03:00:00
593.4,628.0,545.0,596.3,651.7983,2023-01-06 04:00:00
596.7,606.7,591.0,602.4,113.768,2023-01-06 05:00:00
597.6,613.7,586.2,601.4,161.0692,2023-01-06 06:00:00
604.9,605.0,590.3,600.4,89.8045,2023-01-06 07:00:00
598.1,598.1,569.1,569.1,260.783,2023-01-06 08:00:00
569.8,574.0,551.3,573.1,150.0276,2023-01-06 09:00:00
571.5,590.6,568.0,589.3,168.225,2023-01-06 10:00:00
588.2,590.3,582.6,585.4,21.0449,2023-01-06 11:00:00
585.4,592.8,581.2,590.4,104.8518,2023-01-06 12:00:00
587.5,589.1,580.7,582.8,126.2958,2023-01-06 13:00:00
582.0,583.8,574.0,581.6,300.4921,2023-01-06 14:00:00
582.8,596.5,582.8,591.0,129.1134,2023-01-06 15:00:00
591.9,606.8,591.9,600.4,130.4301,2023-01-06 16:00:00
601.1,601.2,586.7,590.5,63.9018,2023-01-06 17:00:00
590.0,590.0,560.1,562.7,218.8539,2023-01-06 18:00:00
565.2,576.7,565.2,573.2,190.388,2023-01-06 19:00:00
573.8,583.2,568.3,571.0,315.3524,2023-01-06 20:00:00
571.6,574.6,532.0,533.5,377.1291,2023-01-06 21:00:00
531.3,560.9,529.9,560.6,483.7514,2023-01-06 22:00:00
558.9,559.4,532.4,533.1,170.2499,2023-01-06 23:00:00
534.3,558.2,530.2,550.3,170.9697,2023-01-07 00:00:00
550.1,564.9,549.6,560.8,144.4079,2023-01-07 01:00:00
560.8,567.4,556.7,565.3,157.551,2023-01-07 02:00:00
564.2,589.0,564.0,577.7,226.9886,2023-01-07 03:00:00
577.3,582.9,574.6,579.0,97.1267,2023-01-07 04:00:00
580.0,584.7,574.7,575.6,31.7574,2023-01-07 05:00:00
574.1,575.9,558.4,566.8,127.9451,2023-01-07 06:00:00
565.4,566.7,551.4,553.7,77.596,2023-01-07 07:00:00
554.0,576.2,553.1,569.0,104.3047,2023-01-07 08:00:00
569.0,574.4,568.3,571.2,16.7384,2023-01-07 09:00:00
572.5,574.9,566.5,572.9,51.4842,2023-01-07 10:00:00
572.8,576.0,567.6,570.6,20.3594,2023-01-07 11:00:00
570.2,580.3,568.7,579.9,59.3889,2023-01-07 12:00:00
580.4,584.0,568.6,568.8,60.3805,2023-01-07 13:00:00
569.8,590.0,568.0,583.9,97.7446,2023-01-07 14:00:00
583.7,585.3,577.4,583.0,54.0555,2023-01-07 15:00:00
583.2,584.6,576.2,578.3,63.3029,2023-01-07 16:00:00
578.5,584.6,575.2,576.8,51.9031,2023-01-07 17:00:00
576.8,592.0,576.8,588.0,172.552,2023-01-07 18:00:00
588.3,604.4,583.4,596.6,307.7852,2023-01-07 19:00:00
596.5,604.6,586.5,601.6,186.7984,2023-01-07 20:00:00
602.0,619.7,601.0,613.0,363.7701,2023-01-07 21:00:00
612.9,619.2,608.8,613.5,134.0993,2023-01-07 22:00:00
614.2,620.5,600.8,602.1,167.6364,2023-01-07 23:00:00
602.8,612.6,601.6,610.5,88.8646,2023-01-08 00:00:00
610.4,613.3,607.3,610.3,47.0358,2023-01-08 01:00:00
610.1,614.0,604.3,605.7,118.6868,2023-01-08 02:00:00
605.4,607.4,602.2,604.6,29.4458,2023-01-08 03:00:00
604.4,609.3,604.4,606.0,23.483,2023-01-08 04:00:00
606.2,607.9,599.3,601.9,69.6027,2023-01-08 05:00:00
601.6,610.9,600.0,608.8,54.3682,2023-01-08 06:00:00
608.6,622.0,608.6,614.9,69.6101,2023-01-08 07:00:00
616.0,636.7,615.8,636.6,121.8388,2023-01-08 08:00:00
636.3,645.0,631.3,636.7,64.1189,2023-01-08 09:00:00
636.8,638.6,626.4,629.9,209.1419,2023-01-08 10:00:00
630.6,635.6,626.6,626.6,134.4353,2023-01-08 11:00:00
627.7,629.8,622.4,626.8,87.1896,2023-01-08 12:00:00
627.2,635.1,624.1,625.3,148.2112,2023-01-08 13:00:00
627.7,630.5,626.1,626.9,31.4458,2023-01-08 14:00:00
628.3,630.2,619.8,621.9,65.1992,2023-01-08 15:00:00
621.1,621.1,608.1,611.2,1461.0942,2023-01-08 16:00:00
611.4,612.8,605.6,607.7,1382.2404,2023-01-08 17:00:00
608.9,615.0,605.5,613.4,88.7232,2023-01-08 18:00:00
613.4,624.5,602.0,607.4,140.8987,2023-01-08 19:00:00
608.4,614.6,599.7,609.0,153.4063,2023-01-08 20:00:00
610.0,612.1,600.9,606.1,80.3105,2023-01-08 21:00:00
607.3,613.9,606.2,608.5,85.0522,2023-01-08 22:00:00
611.6,615.5,610.0,614.3,55.2411,2023-01-08 23:00:00
613.8,616.2,611.7,611.9,25.7593,2023-01-09 00:00:00
613.6,614.4,582.3,586.9,249.1304,2023-01-09 01:00:00
589.2,594.3,585.0,589.0,76.3235,2023-01-09 02:00:00
590.6,592.3,582.8,582.8,109.6172,2023-01-09 03:00:00
582.6,586.9,566.4,573.2,285.0386,2023-01-09 04:00:00
573.3,579.3,570.7,577.9,426.9418,2023-01-09 05:00:00
577.0,584.0,576.0,582.0,163.266,2023-01-09 06:00:00
581.9,581.9,567.5,576.4,394.7402,2023-01-09 07:00:00
575.1,581.7,574.6,577.6,114.9527,2023-01-09 08:00:00
577.7,581.6,575.6,580.0,219.6093,2023-01-09 09:00:00
580.5,581.5,568.0,573.0,121.9821,2023-01-09 10:00:00
572.3,576.1,570.6,574.2,116.1467,2023-01-09 11:00:00
573.7,577.2,566.0,566.4,73.8637,2023-01-09 12:00:00
566.2,572.9,562.3,570.2,184.778,2023-01-09 13:00:00
570.1,578.6,568.8,576.5,303.8559,2023-01-09 14:00:00
577.3,579.7,570.3,572.0,275.5869,2023-01-09 15:00:00
571.5,575.2,565.2,574.8,216.5034,2023-01-09 16:00:00
575.1,580.0,573.1,573.9,180.9229,2023-01-09 17:00:00
575.2,580.3,574.9,579.3,314.7376,2023-01-09 18:00:00
579.6,581.6,571.4,576.8,241.1971,2023-01-09 19:00:00
577.2,585.2,574.1,584.1,236.7147,2023-01-09 20:00:00
585.5,591.8,572.8,575.2,504.5969,2023-01-09 21:00:00
577.8,582.9,572.1,576.1,418.8899,2023-01-09 22:00:00
576.0,578.3,569.1,574.2,273.9389,2023-01-09 23:00:00
571.5,575.7,569.5,569.8,204.4513,2023-01-10 00:00:00
570.2,575.4,568.5,575.0,323.8141,2023-01-10 01:00:00
575.1,578.4,571.0,576.5,380.2218,2023-01-10 02:00:00
574.6,577.6,573.0,574.6,13.6409,2023-01-10 03:00:00
573.1,573.1,565.1,568.3,26.1606,2023-01-10 04:00:00
568.0,578.7,568.0,578.3,26.9082,2023-01-10 05:00:00
577.1,582.8,575.9,578.7,30.8755,2023-01-10 06:00:00
579.6,587.5,579.6,583.3,51.3487,2023-01-10 07:00:00
581.7,582.6,579.5,580.2,8.6222,2023-01-10 08:00:00
580.8,581.3,573.0,574.1,63.7279,2023-01-10 09:00:00
574.6,576.5,571.5,576.5,10.8297,2023-01-10 10:00:00
576.4,580.0,575.0,580.0,39.0034,2023-01-10 11:00:00
581.0,585.6,580.5,585.6,39.2341,2023-01-10 12:00:00
585.3,587.0,580.3,582.3,28.931,2023-01-10 13:00:00
585.0,586.8,582.0,585.1,65.2537,2023-01-10 14:00:00
584.6,586.4,581.8,584.8,57.2186,2023-01-10 15:00:00
584.8,584.9,576.2,581.5,83.3409,2023-01-10 16:00:00
582.0,584.2,578.5,578.8,46.4124,2023-01-10 17:00:00
579.5,580.0,563.2,566.2,58.385,2023-01-10 18:00:00
566.5,568.6,556.5,560.9,124.4472,2023-01-10 19:00:00
560.9,570.6,560.9,569.9,57.0908,2023-01-10 20:00:00
566.7,570.6,565.4,566.4,47.0992,2023-01-10 21:00:00
566.1,566.1,550.8,553.2,224.9172,2023-01-10 22:00:00
551.9,553.3,540.7,543.0,223.808,2023-01-10 23:00:00
542.7,548.7,542.0,542.6,117.7194,2023-01-11 00:00:00
542.9,547.2,541.6,545.3,257.4394,2023-01-11 01:00:00
545.5,549.6,538.3,538.5,151.0505,2023-01-11 02:00:00
539.2,546.3,539.1,546.3,287.3939,2023-01-11 03:00:00
546.6,557.9,546.3,556.0,81.7656,2023-01-11 04:00:00
555.6,563.9,552.6,560.6,75.5496,2023-01-11 05:00:00
560.3,560.3,552.2,555.1,60.4295,2023-01-11 06:00:00
554.4,566.3,554.4,565.5,26.008,2023-01-11 07:00:00
565.2,565.2,561.5,562.4,45.0465,2023-01-11 08:00:00
561.3,561.3,554.1,554.8,23.5208,2023-01-11 09:00:00
553.7,561.2,553.7,557.3,9.6511,2023-01-11 10:00:00
557.2,559.5,556.2,556.6,17.6827,2023-01-11 11:00:00
557.7,557.7,551.2,551.4,6.8816,2023-01-11 12:00:00
551.2,552.5,540.0,546.7,129.7607,2023-01-11 13:00:00
548.4,556.2,546.3,554.1,60.7895,2023-01-11 14:00:00
553.1,556.7,551.1,556.0,62.4771,2023-01-11 15:00:00
555.6,559.8,554.9,554.9,17.1782,2023-01-11 16:00:00
554.7,559.3,554.7,559.0,47.0475,2023-01-11 17:00:00
558.6,563.5,556.2,562.6,47.8223,2023-01-11 18:00:00
562.5,569.7,557.4,567.8,81.6854,2023-01-11 19:00:00
568.2,573.2,566.8,573.1,119.7373,2023-01-11 20:00:00
573.0,574.4,567.5,568.0,52.2535,2023-01-11 21:00:00
569.0,574.1,567.3,569.8,104.0574,2023-01-11 22:00:00
568.6,570.0,564.5,566.9,44.7103,2023-01-11 23:00:00
566.0,566.2,560.8,563.0,50.9854,2023-01-12 00:00:00
563.2,566.9,563.1,566.0,65.2782,2023-01-12 01:00:00
565.8,569.0,564.2,564.2,58.3008,2023-01-12 02:00:00
563.8,564.2,550.2,551.0,299.378,2023-01-12 03:00:00
550.6,561.3,546.6,560.8,112.9478,2023-01-12 04:00:00
560.1,576.6,559.2,571.8,196.7117,2023-01-12 05:00:00
574.5,585.4,573.1,584.5,204.7963,2023-01-12 06:00:00
583.7,584.9,579.0,579.0,34.3077,2023-01-12 07:00:00
577.2,577.8,565.8,567.1,94.9455,2023-01-12 08:00:00
567.1,568.1,555.2,558.4,24.4671,2023-01-12 09:00:00
557.9,565.1,556.7,561.7,97.2194,2023-01-12 10:00:00
560.3,563.9,559.1,563.9,54.0652,2023-01-12 11:00:00
566.3,568.4,559.5,560.6,35.4919,2023-01-12 12:00:00
560.3,567.4,559.0,560.4,34.9028,2023-01-12 13:00:00
560.9,561.1,553.0,553.2,65.7711,2023-01-12 14:00:00
554.4,554.8,547.3,547.4,174.7746,2023-01-12 15:00:00
547.9,547.9,540.4,545.6,272.4637,2023-01-12 16:00:00
544.5,544.5,535.0,536.7,252.5113,2023-01-12 17:00:00
535.7,540.9,535.6,537.0,187.0558,2023-01-12 18:00:00
536.7,542.7,535.9,538.5,150.6164,2023-01-12 19:00:00
542.3,547.2,538.4,540.1,149.0682,2023-01-12 20:00:00
541.9,546.8,539.8,543.2,121.8926,2023-01-12 21:00:00
545.1,549.9,542.1,544.1,238.3781,2023-01-12 22:00:00
544.4,555.4,544.3,550.7,230.8791,2023-01-12 23:00:00
551.4,559.4,549.6,557.4,159.7819,2023-01-13 00:00:00
556.9,556.9,547.0,551.0,192.3448,2023-01-13 01:00:00
550.9,553.3,544.1,544.7,124.6642,2023-01-13 02:00:00
544.8,549.6,542.6,548.2,107.7291,2023-01-13 03:00:00
548.3,550.6,544.4,544.4,84.6453,2023-01-13 04:00:00
543.3,545.0,538.4,541.5,48.5738,2023-01-13 05:00:00
541.7,541.7,529.2,529.2,378.9915,2023-01-13 06:00:00
529.8,535.7,528.3,534.0,73.6248,2023-01-13 07:00:00
534.0,537.1,531.9,534.8,300.5659,2023-01-13 08:00:00
535.5,539.8,535.5,539.2,77.9987,2023-01-13 09:00:00
540.1,540.1,530.3,532.1,89.4748,2023-01-13 10:00:00
533.7,535.2,531.1,535.0,65.0893,2023-01-13 11:00:00
534.6,534.6,524.3,527.2,260.9186,2023-01-13 12:00:00
528.0,532.4,525.0,527.4,116.216,2023-01-13 13:00:00
528.2,531.3,525.8,528.1,100.4468,2023-01-13 14:00:00
528.4,539.8,526.2,538.4,154.0163,2023-01-13 15:00:00
537.5,538.6,534.9,537.7,150.3951,2023-01-13 16:00:00
537.7,539.9,534.4,536.5,366.6731,2023-01-13 17:00:00
536.6,544.1,535.5,541.0,127.7651,2023-01-13 18:00:00
541.0,543.8,537.7,541.7,129.9648,2023-01-13 19:00:00
541.6,541.9,531.1,536.9,275.6831,2023-01-13 20:00:00
536.6,536.6,519.1,526.6,342.5788,2023-01-13 21:00:00
526.2,534.0,521.8,531.0,198.7999,2023-01-13 22:00:00
532.5,539.0,531.0,537.9,216.068,2023-01-13 23:00:00
537.0,538.9,530.5,531.0,34.0082,2023-01-14 00:00:00
531.5,537.3,528.3,531.3,153.7582,2023-01-14 01:00:00
533.2,533.2,524.0,527.0,237.1873,2023-01-14 02:00:00
524.4,529.2,520.4,520.4,143.9993,2023-01-14 03:00:00
520.9,522.6,510.2,514.2,312.5261,2023-01-14 04:00:00
514.1,518.6,509.6,518.6,249.0865,2023-01-14 05:00:00
519.6,527.4,517.6,527.4,51.0383,2023-01-14 06:00:00
527.1,530.7,519.3,522.6,37.9778,2023-01-14 07:00:00
521.9,525.2,520.8,520.8,62.7424,2023-01-14 08:00:00
521.3,522.3,517.1,517.2,46.7723,2023-01-14 09:00:00
515.5,516.6,508.1,516.0,103.8398,2023-01-14 10:00:00
515.4,520.6,513.5,517.0,78.4361,2023-01-14 11:00:00
516.2,520.2,511.5,515.4,102.3733,2023-01-14 12:00:00
515.8,523.9,514.5,523.9,94.982,2023-01-14 13:00:00
525.0,526.3,518.4,524.8,143.3108,2023-01-14 14:00:00
524.8,534.1,524.2,529.2,144.9574,2023-01-14 15:00:00
530.1,530.9,524.7,528.5,115.9244,2023-01-14 16:00:00
528.1,538.3,525.8,526.6,184.0788,2023-01-14 17:00:00
526.7,531.1,518.8,528.9,271.883,2023-01-14 18:00:00
527.8,529.9,519.2,522.3,76.5011,2023-01-14 19:00:00
523.9,527.5,519.9,520.8,169.1673,2023-01-14 20:00:00
519.9,527.8,516.3,521.3,39.9338,2023-01-14 21:00:00
521.0,528.3,518.8,526.8,136.7354,2023-01-14 22:00:00
526.9,535.0,519.4,529.6,197.3944,2023-01-14 23:00:00
529.1,536.6,527.4,536.4,123.3235,2023-01-15 00:00:00
534.7,537.4,517.5,517.5,321.6707,2023-01-15 01:00:00
515.8,520.8,480.0,504.8,1198.9107,2023-01-15 02:00:00
502.4,519.9,498.7,517.8,275.3172,2023-01-15 03:00:00
517.2,517.7,502.5,502.8,183.2954,2023-01-15 04:00:00
502.5,511.1,497.0,500.2,149.614,2023-01-15 05:00:00
499.3,505.4,489.4,499.8,145.4247,2023-01-15 06:00:00
500.5,501.1,476.1,479.6,215.2049,2023-01-15 07:00:00
480.0,488.0,452.0,485.5,2130.4376,2023-01-15 08:00:00
486.8,504.4,483.7,501.7,236.0061,2023-01-15 09:00:00
501.5,501.5,493.5,493.5,300.1888,2023-01-15 10:00:00
493.5,499.1,491.3,496.0,156.2719,2023-01-15 11:00:00
495.9,496.9,491.0,491.2,214.0719,2023-01-15 12:00:00
491.7,497.4,490.9,494.1,159.7911,2023-01-15 13:00:00
492.5,493.9,484.3,485.3,329.9858,2023-01-15 14:00:00
485.3,492.6,485.0,490.6,535.755,2023-01-15 15:00:00
490.6,500.0,485.1,496.9,425.7043,2023-01-15 16:00:00
495.1,496.3,488.4,489.2,464.2405,2023-01-15 17:00:00
490.6,491.6,480.9,483.2,203.7807,2023-01-15 18:00:00
483.2,488.6,481.8,485.3,870.9064,2023-01-15 19:00:00
486.6,494.4,480.2,481.2,233.8039,2023-01-15 20:00:00
480.4,481.2,465.1,474.1,2977.8178,2023-01-15 21:00:00
474.1,481.1,470.3,480.1,135.7595,2023-01-15 22:00:00
480.1,480.7,440.8,455.3,721.397,2023-01-15 23:00:00
454.2,489.9,432.0,462.3,1423.9289,2023-01-16 00:00:00
460.7,469.3,445.7,455.1,662.552,2023-01-16 01:00:00
454.1,459.1,441.8,454.5,597.1453,2023-01-16 02:00:00
454.5,465.7,450.2,461.4,355.3948,2023-01-16 03:00:00
460.4,462.7,450.6,452.4,1442.752,2023-01-16 04:00:00
452.0,453.8,446.6,447.0,84.77,2023-01-16 05:00:00
447.5,458.0,439.3,456.5,1729.4529,2023-01-16 06:00:00
457.2,460.7,453.3,455.8,127.4349,2023-01-16 07:00:00
456.8,470.0,456.1,467.7,65.081,2023-01-16 08:00:00
467.8,467.8,461.0,461.0,108.8061,2023-01-16 09:00:00
461.9,463.8,455.7,455.7,67.4989,2023-01-16 10:00:00
456.2,457.5,450.0,450.6,107.89,2023-01-16 11:00:00
450.3,454.6,438.4,441.5,234.6505,2023-01-16 12:00:00
443.1,455.9,443.1,447.6,121.2898,2023-01-16 13:00:00
447.4,448.5,413.4,417.4,1028.8808,2023-01-16 14:00:00
416.4,424.1,410.1,416.6,731.8474,2023-01-16 15:00:00
415.0,419.5,406.0,410.1,753.8445,2023-01-16 16:00:00
411.2,419.7,399.0,401.7,952.8746,2023-01-16 17:00:00
400.8,427.8,399.9,424.0,1021.8787,2023-01-16 18:00:00
424.0,448.8,421.6,440.5,687.7417,2023-01-16 19:00:00
440.1,456.8,436.3,454.5,491.8045,2023-01-16 20:00:00
454.0,461.9,451.2,452.2,517.1894,2023-01-16 21:00:00
452.2,465.3,449.8,459.9,320.913,2023-01-16 22:00:00
459.9,474.4,457.0,473.3,396.2218,2023-01-16 23:00:00
473.1,477.6,467.7,469.9,375.7413,2023-01-17 00:00:00
469.4,480.4,469.4,477.1,224.8783,2023-01-17 01:00:00
477.5,477.5,468.7,470.0,256.7457,2023-01-17 02:00:00
470.2,471.3,458.8,468.6,229.9267,2023-01-17 03:00:00
467.6,478.2,466.6,475.8,78.1918,2023-01-17 04:00:00
475.8,477.2,471.2,472.9,57.3125,2023-01-17 05:00:00
472.1,479.7,472.1,476.1,82.6368,2023-01-17 06:00:00
476.1,489.3,475.9,488.0,116.8998,2023-01-17 07:00:00
488.0,490.1,482.5,484.7,63.7985,2023-01-17 08:00:00
486.2,489.5,482.3,487.6,110.9084,2023-01-17 09:00:00
488.4,497.6,487.1,496.5,49.7194,2023-01-17 10:00:00
495.4,498.0,492.6,497.9,53.752,2023-01-17 11:00:00
497.9,502.0,496.4,499.0,101.2631,2023-01-17 12:00:00
499.9,508.0,496.4,498.9,134.7891,2023-01-17 13:00:00
499.8,501.3,488.0,488.5,129.0495,2023-01-17 14:00:00
488.8,491.0,484.1,487.5,158.7046,2023-01-17 15:00:00
487.5,492.7,484.3,487.0,68.4655,2023-01-17 16:00:00
487.2,489.6,481.4,487.4,201.0954,2023-01-17 17:00:00
487.8,487.8,473.1,474.7,175.3287,2023-01-17 18:00:00
475.2,478.2,451.1,467.8,432.6657,2023-01-17 19:00:00
470.9,472.4,460.8,460.9,170.9391,2023-01-17 20:00:00
461.3,470.5,461.3,469.4,72.1145,2023-01-17 21:00:00
468.2,468.8,461.3,462.1,47.2587,2023-01-17 22:00:00
462.4,465.5,457.6,462.7,51.9044,2023-01-17 23:00:00
461.8,463.8,454.5,456.5,42.3667,2023-01-18 00:00:00
456.3,457.1,441.0,453.7,407.7585,2023-01-18 01:00:00
456.4,462.2,453.6,456.3,171.8933,2023-01-18 02:00:00
457.2,459.0,452.3,455.0,56.8978,2023-01-18 03:00:00
454.6,458.3,450.8,455.0,62.2693,2023-01-18 04:00:00
452.8,456.2,451.7,454.7,45.515,2023-01-18 05:00:00
455.0,459.7,452.2,457.0,67.0812,2023-01-18 06:00:00
456.8,460.0,450.6,455.0,17.3984,2023-01-18 07:00:00
455.0,457.3,451.0,452.2,15.1118,2023-01-18 08:00:00
450.0,456.8,447.1,452.2,71.6662,2023-01-18 09:00:00
455.2,455.3,447.8,447.8,37.5111,2023-01-18 10:00:00
447.8,450.3,441.4,449.4,140.6107,2023-01-18 11:00:00
448.0,455.4,447.9,455.4,57.9608,2023-01-18 12:00:00
457.1,458.0,452.7,455.1,27.5478,2023-01-18 13:00:00
456.0,461.1,456.0,458.8,40.9068,2023-01-18 14:00:00
457.6,472.8,455.3,463.6,162.44,2023-01-18 15:00:00
464.7,470.5,464.7,469.4,79.0493,2023-01-18 16:00:00
467.4,469.2,464.9,464.9,62.389,2023-01-18 17:00:00
464.4,470.2,462.6,465.7,19.2855,2023-01-18 18:00:00
465.7,469.9,464.0,466.4,52.7264,2023-01-18 19:00:00
465.9,467.8,449.1,449.9,194.4086,2023-01-18 20:00:00
449.9,457.6,449.9,453.5,72.1523,2023-01-18 21:00:00
453.4,463.6,451.8,462.6,68.1556,2023-01-18 22:00:00
461.1,463.2,458.7,459.2,34.3056,2023-01-18 23:00:00
459.9,461.8,455.4,455.4,73.0169,2023-01-19 00:00:00
456.3,457.0,441.0,442.1,175.9924,2023-01-19 01:00:00
442.8,454.2,439.2,453.6,158.1528,2023-01-19 02:00:00
453.6,458.1,451.8,454.9,94.1184,2023-01-19 03:00:00
453.9,453.9,445.8,453.8,85.2658,2023-01-19 04:00:00
451.8,456.6,448.2,449.7,83.7826,2023-01-19 05:00:00
449.5,449.6,440.4,443.9,92.6935,2023-01-19 06:00:00
446.9,451.7,440.0,445.8,78.9227,2023-01-19 07:00:00
446.2,450.8,443.7,450.4,43.4963,2023-01-19 08:00:00
450.3,467.2,448.2,466.4,87.7495,2023-01-19 09:00:00
465.8,466.8,458.8,460.5,29.3227,2023-01-19 10:00:00
461.1,461.5,456.1,458.2,36.0057,2023-01-19 11:00:00
459.0,459.6,448.4,450.8,37.5115,2023-01-19 12:00:00
450.8,455.8,449.0,454.4,46.5937,2023-01-19 13:00:00
454.4,459.9,452.5,459.9,93.4073,2023-01-19 14:00:00
459.9,464.3,458.9,459.8,129.7569,2023-01-19 15:00:00
460.0,461.1,455.9,459.6,70.3107,2023-01-19 16:00:00
459.0,459.0,454.6,455.7,30.9128,2023-01-19 17:00:00
456.3,460.4,454.8,458.1,67.8949,2023-01-19 18:00:00
458.2,458.9,446.8,447.1,62.6613,2023-01-19 19:00:00
446.8,454.2,442.1,446.5,145.4881,2023-01-19 20:00:00
446.3,447.1,443.0,445.9,118.0344,2023-01-19 21:00:00
444.8,462.8,444.4,459.3,172.3008,2023-01-19 22:00:00
460.6,463.7,454.3,455.0,84.3027,2023-01-19 23:00:00
454.6,457.1,450.5,451.8,53.7219,2023-01-20 00:00:00
452.8,463.8,452.8,462.5,70.3573,2023-01-20 01:00:00
462.4,486.0,462.4,485.2,259.789,2023-01-20 02:00:00
483.7,505.0,483.7,494.6,1253.5814,2023-01-20 03:00:00
494.3,499.6,488.0,497.1,1327.6256,2023-01-20 04:00:00
497.6,498.1,483.5,483.9,145.3179,2023-01-20 05:00:00
483.9,485.1,478.2,483.2,105.207,2023-01-20 06:00:00
484.7,485.6,478.1,479.0,159.8416,2023-01-20 07:00:00
479.5,483.3,475.4,479.8,42.4263,2023-01-20 08:00:00
481.1,482.7,479.5,482.4,34.1645,2023-01-20 09:00:00
483.6,493.0,480.8,490.5,156.4268,2023-01-20 10:00:00
490.6,498.2,489.1,498.2,80.002,2023-01-20 11:00:00
498.4,499.5,491.9,491.9,139.3272,2023-01-20 12:00:00
492.1,495.5,489.0,493.0,66.7859,2023-01-20 13:00:00
492.9,500.9,490.2,498.1,140.5069,2023-01-20 14:00:00
498.4,502.8,489.9,494.0,179.1869,2023-01-20 15:00:00
494.0,494.9,485.8,488.5,77.4971,2023-01-20 16:00:00
488.1,496.4,488.1,494.2,105.3392,2023-01-20 17:00:00
494.2,496.3,488.4,491.3,126.6815,2023-01-20 18:00:00
491.6,501.9,490.4,498.7,217.0466,2023-01-20 19:00:00
501.3,506.3,499.5,500.3,270.107,2023-01-20 20:00:00
500.0,507.0,497.4,502.0,162.4417,2023-01-20 21:00:00
501.5,521.0,496.6,497.6,195.5731,2023-01-20 22:00:00
497.8,500.0,495.4,497.3,73.9797,2023-01-20 23:00:00
497.8,503.1,496.3,498.3,139.9297,2023-01-21 00:00:00
498.3,499.0,491.7,491.7,76.784,2023-01-21 01:00:00
491.7,491.7,485.6,489.5,165.5397,2023-01-21 02:00:00
490.9,496.8,490.8,496.8,33.6396,2023-01-21 03:00:00
496.8,500.2,495.3,499.9,64.3927,2023-01-21 04:00:00
500.3,504.1,499.5,504.0,152.7415,2023-01-21 05:00:00
502.9,503.6,499.3,500.8,16.9174,2023-01-21 06:00:00
501.9,502.8,497.9,500.0,17.1061,2023-01-21 07:00:00
500.1,505.0,497.5,504.1,40.0988,2023-01-21 08:00:00
503.5,505.3,499.6,501.7,53.7754,2023-01-21 09:00:00
501.3,504.2,500.0,501.3,84.3365,2023-01-21 10:00:00
501.8,506.4,500.7,505.3,11.753,2023-01-21 11:00:00
506.7,508.4,501.6,501.6,61.7274,2023-01-21 12:00:00
502.1,510.7,497.5,499.5,108.0567,2023-01-21 13:00:00
499.4,503.5,497.4,501.1,63.8508,2023-01-21 14:00:00
501.0,504.5,494.7,496.8,188.342,2023-01-21 15:00:00
497.2,513.1,495.9,509.8,327.0956,2023-01-21 16:00:00
510.7,510.7,499.7,500.4,89.0926,2023-01-21 17:00:00
499.7,520.0,494.7,518.0,394.1574,2023-01-21 18:00:00
518.2,521.2,510.4,516.7,341.6325,2023-01-21 19:00:00
516.0,517.9,512.5,516.6,144.2742,2023-01-21 20:00:00
516.9,518.2,507.8,509.8,209.0159,2023-01-21 21:00:00
510.1,512.7,496.8,503.1,221.8613,2023-01-21 22:00:00
503.1,513.3,501.2,504.2,148.1993,2023-01-21 23:00:00
505.6,506.7,500.9,500.9,97.5009,2023-01-22 00:00:00
502.3,504.4,498.6,501.9,100.8079,2023-01-22 01:00:00
502.3,504.1,496.4,497.9,126.7653,2023-01-22 02:00:00
499.1,500.3,492.1,494.0,120.09,2023-01-22 03:00:00
494.3,499.9,490.5,496.8,122.6133,2023-01-22 04:00:00
497.4,500.0,497.1,499.6,15.3368,2023-01-22 05:00:00
501.7,504.5,492.2,495.9,449.4145,2023-01-22 06:00:00
495.9,497.3,489.4,491.9,228.6185,2023-01-22 07:00:00
489.9,492.0,486.2,488.0,189.5131,2023-01-22 08:00:00
486.2,486.2,482.0,483.9,52.4719,2023-01-22 09:00:00
482.1,484.0,478.0,479.5,146.3025,2023-01-22 10:00:00
481.6,484.2,479.1,482.8,49.8332,2023-01-22 11:00:00
481.7,484.2,481.1,482.0,59.3482,2023-01-22 12:00:00
481.5,483.5,478.8,481.7,72.8176,2023-01-22 13:00:00
482.2,483.2,469.7,474.8,303.3272,2023-01-22 14:00:00
474.8,477.9,473.7,475.1,186.3172,2023-01-22 15:00:00
474.7,479.1,473.5,476.5,134.6542,2023-01-22 16:00:00
476.4,480.2,474.4,477.3,74.0549,2023-01-22 17:00:00
477.7,478.1,474.5,475.3,74.4841,2023-01-22 18:00:00
475.0,475.8,471.0,474.6,187.3758,2023-01-22 19:00:00
474.6,478.8,469.5,472.4,178.0893,2023-01-22 20:00:00
472.1,474.7,470.0,472.3,61.01,2023-01-22 21:00:00
471.2,477.0,471.2,476.3,120.451,2023-01-22 22:00:00
475.6,476.2,464.5,469.5,218.3612,2023-01-22 23:00:00
468.9,470.6,466.1,469.7,123.1122,2023-01-23 00:00:00
469.8,471.2,465.0,469.9,206.9975,2023-01-23 01:00:00
469.9,470.5,465.0,467.6,57.8636,2023-01-23 02:00:00
467.4,471.1,463.8,470.0,77.7809,2023-01-23 03:00:00
470.7,475.7,469.4,473.6,91.3212,2023-01-23 04:00:00
470.1,471.5,468.0,471.4,37.0932,2023-01-23 05:00:00
473.7,474.1,466.9,470.9,65.622,2023-01-23 06:00:00
471.7,474.9,469.8,472.7,78.8757,2023-01-23 07:00:00
471.0,474.9,469.8,470.0,42.1346,2023-01-23 08:00:00
470.3,474.4,469.0,474.4,66.4367,2023-01-23 09:00:00
474.4,475.9,470.3,470.3,40.18,2023-01-23 10:00:00
471.3,472.8,467.9,472.3,121.3661,2023-01-23 11:00:00
472.8,475.8,472.3,475.7,45.1468,2023-01-23 12:00:00
478.1,478.5,463.5,468.4,174.7701,2023-01-23 13:00:00
471.1,478.4,469.9,474.2,228.7423,2023-01-23 14:00:00
477.5,495.2,477.5,492.5,389.2581,2023-01-23 15:00:00
492.7,492.9,481.1,489.9,272.7492,2023-01-23 16:00:00
490.3,495.1,488.3,493.8,68.7447,2023-01-23 17:00:00
494.9,494.9,486.7,493.1,138.675,2023-01-23 18:00:00
492.0,493.3,487.3,489.3,74.9297,2023-01-23 19:00:00
489.0,489.0,477.6,481.0,141.2665,2023-01-23 20:00:00
479.1,479.1,466.9,472.5,272.3293,2023-01-23 21:00:00
471.6,474.2,468.0,469.8,158.2107,2023-01-23 22:00:00
469.5,479.9,465.6,479.9,77.504,2023-01-23 23:00:00
480.0,482.0,478.7,479.3,129.1629,2023-01-24 00:00:00
478.9,480.0,474.5,478.0,115.4295,2023-01-24 01:00:00
478.9,480.5,472.0,474.4,114.0604,2023-01-24 02:00:00
474.5,474.5,466.3,466.4,62.4197,2023-01-24 03:00:00
466.6,468.4,463.6,463.6,84.1847,2023-01-24 04:00:00
465.0,467.6,462.6,467.5,94.703,2023-01-24 05:00:00
468.4,470.4,467.4,469.4,32.8097,2023-01-24 06:00:00
470.1,470.1,462.8,465.4,19.3719,2023-01-24 07:00:00
467.3,469.6,464.5,465.2,17.0985,2023-01-24 08:00:00
466.6,468.4,466.3,466.8,4.9259,2023-01-24 09:00:00
467.1,467.1,464.3,464.4,8.9555,2023-01-24 10:00:00
466.8,466.9,465.3,466.5,2.9246,2023-01-24 11:00:00
465.5,465.5,460.2,460.5,58.2773,2023-01-24 12:00:00
462.4,464.7,458.1,458.7,69.5674,2023-01-24 13:00:00
461.0,465.5,458.5,464.9,80.8108,2023-01-24 14:00:00
466.4,468.3,464.9,468.3,82.1151,2023-01-24 15:00:00
467.6,467.6,463.9,463.9,38.106,2023-01-24 16:00:00
463.9,467.8,463.7,467.6,68.7039,2023-01-24 17:00:00
466.9,467.6,461.9,461.9,77.7737,2023-01-24 18:00:00
461.8,468.6,461.8,468.4,343.2462,2023-01-24 19:00:00
468.6,475.7,467.6,469.2,109.8252,2023-01-24 20:00:00
469.2,473.0,465.0,465.5,46.7906,2023-01-24 21:00:00
466.7,471.3,465.5,471.3,76.8875,2023-01-24 22:00:00
470.6,473.6,469.3,470.1,63.2421,2023-01-24 23:00:00
470.1,470.2,466.7,467.7,45.5954,2023-01-25 00:00:00
467.4,470.4,467.4,469.0,29.9233,2023-01-25 01:00:00
469.4,470.7,466.0,469.1,135.6916,2023-01-25 02:00:00
468.3,472.0,467.7,472.0,105.2322,2023-01-25 03:00:00
471.9,475.3,470.1,473.0,115.172,2023-01-25 04:00:00
474.1,474.1,470.3,471.0,39.4933,2023-01-25 05:00:00
471.3,473.0,467.3,468.0,15.8588,2023-01-25 06:00:00
470.0,470.8,464.5,467.0,62.8253,2023-01-25 07:00:00
467.0,470.7,466.8,470.7,9.9801,2023-01-25 08:00:00
468.5,470.7,467.3,470.5,16.9012,2023-01-25 09:00:00
470.7,470.7,468.9,469.5,13.8385,2023-01-25 10:00:00
467.8,469.5,466.5,467.6,14.5428,2023-01-25 11:00:00
467.9,469.6,464.7,469.6,26.6595,2023-01-25 12:00:00
469.5,470.5,467.6,470.5,20.8629,2023-01-25 13:00:00
469.7,469.7,465.5,466.5,61.0545,2023-01-25 14:00:00
467.4,467.4,464.2,466.2,25.9588,2023-01-25 15:00:00
467.0,469.6,467.0,468.0,50.1306,2023-01-25 16:00:00
467.8,469.0,467.5,467.5,66.5036,2023-01-25 17:00:00
467.3,468.8,460.0,462.7,163.666,2023-01-25 18:00:00
460.3,464.0,459.7,464.0,84.0618,2023-01-25 19:00:00
463.7,467.6,456.6,458.8,181.0864,2023-01-25 20:00:00
459.0,464.2,457.2,463.2,83.6506,2023-01-25 21:00:00
461.6,462.2,456.8,457.0,154.7039,2023-01-25 22:00:00
456.9,458.6,450.6,455.6,409.5106,2023-01-25 23:00:00
455.0,459.3,452.9,458.0,75.917,2023-01-26 00:00:00
458.6,460.8,456.9,458.0,57.3173,2023-01-26 01:00:00
457.6,459.7,453.9,459.7,927.1717,2023-01-26 02:00:00
459.6,460.7,454.7,456.7,63.4789,2023-01-26 03:00:00
456.1,457.3,452.8,455.3,119.5546,2023-01-26 04:00:00
455.5,460.4,454.2,459.0,399.8551,2023-01-26 05:00:00
458.1,466.4,456.4,464.7,87.6777,2023-01-26 06:00:00
465.6,474.6,464.0,471.2,186.6479,2023-01-26 07:00:00
468.8,470.4,467.0,470.0,44.374,2023-01-26 08:00:00
469.4,474.2,469.1,471.0,70.9238,2023-01-26 09:00:00
471.0,474.2,467.1,467.1,24.1486,2023-01-26 10:00:00
466.8,469.0,464.8,468.9,6.7728,2023-01-26 11:00:00
470.0,478.8,469.2,473.8,314.4708,2023-01-26 12:00:00
474.2,474.9,467.5,469.7,79.0724,2023-01-26 13:00:00
470.2,473.7,468.6,469.9,80.0836,2023-01-26 14:00:00
468.7,470.1,466.7,469.7,80.8865,2023-01-26 15:00:00
470.0,470.1,463.6,463.6,94.2007,2023-01-26 16:00:00
464.1,465.6,459.6,464.8,64.4868,2023-01-26 17:00:00
464.6,473.1,463.7,465.5,122.9764,2023-01-26 18:00:00
465.9,466.6,449.2,449.2,357.8555,2023-01-26 19:00:00
448.6,452.0,441.7,444.8,153.9768,2023-01-26 20:00:00
444.6,449.8,441.0,446.8,240.174,2023-01-26 21:00:00
445.9,448.7,443.7,446.8,153.3078,2023-01-26 22:00:00
448.2,460.0,444.5,457.0,192.8648,2023-01-26 23:00:00
457.0,465.0,456.5,462.7,135.5862,2023-01-27 00:00:00
463.0,463.7,460.0,462.1,155.6488,2023-01-27 01:00:00
464.4,468.4,463.9,465.0,113.3511,2023-01-27 02:00:00
464.9,464.9,447.3,449.6,256.2,2023-01-27 03:00:00
448.3,453.4,448.3,450.2,209.1132,2023-01-27 04:00:00
449.7,451.4,448.0,450.7,134.2074,2023-01-27 05:00:00
449.0,450.9,442.0,442.0,97.248,2023-01-27 06:00:00
443.6,443.6,437.8,441.2,165.9105,2023-01-27 07:00:00
441.4,443.7,439.6,442.6,88.1064,2023-01-27 08:00:00
442.3,444.6,442.2,442.5,11.5649,2023-01-27 09:00:00
443.2,445.1,437.9,437.9,44.857,2023-01-27 10:00:00
438.1,441.0,435.6,438.7,75.067,2023-01-27 11:00:00
439.0,443.0,438.6,440.3,78.7263,2023-01-27 12:00:00
442.0,443.1,438.5,440.3,109.0316,2023-01-27 13:00:00
439.5,449.7,438.3,444.9,197.0301,2023-01-27 14:00:00
444.3,449.1,443.4,446.1,62.0643,2023-01-27 15:00:00
446.3,446.3,440.7,442.6,74.8324,2023-01-27 16:00:00
442.7,445.8,442.0,444.0,69.2853,2023-01-27 17:00:00
444.5,448.2,443.8,443.8,71.3062,2023-01-27 18:00:00
444.5,454.2,444.1,452.7,246.9631,2023-01-27 19:00:00
452.2,458.4,451.5,455.1,167.7643,2023-01-27 20:00:00
456.0,456.0,450.8,450.9,90.732,2023-01-27 21:00:00
451.6,451.8,447.4,451.4,111.8939,2023-01-27 22:00:00
451.1,454.9,438.2,443.2,186.3814,2023-01-27 23:00:00
443.9,446.4,442.6,445.7,80.9127,2023-01-28 00:00:00
445.0,447.3,443.8,445.7,67.2692,2023-01-28 01:00:00
446.0,448.7,441.6,444.6,223.2289,2023-01-28 02:00:00
445.5,447.9,443.0,446.7,153.1941,2023-01-28 03:00:00
446.2,447.2,440.1,440.1,33.7654,2023-01-28 04:00:00
440.1,441.8,439.3,440.5,206.6905,2023-01-28 05:00:00
440.5,447.1,440.5,447.1,119.8352,2023-01-28 06:00:00
447.8,447.8,442.0,442.3,66.683,2023-01-28 07:00:00
443.4,443.8,442.5,443.5,18.7344,2023-01-28 08:00:00
443.4,447.6,440.8,441.5,79.0371,2023-01-28 09:00:00
440.3,443.6,440.0,441.7,77.5998,2023-01-28 10:00:00
444.6,445.1,444.1,444.4,3.2758,2023-01-28 11:00:00
445.3,445.4,442.0,442.9,3.8814,2023-01-28 12:00:00
443.8,444.3,443.1,444.3,3.9881,2023-01-28 13:00:00
444.0,448.6,440.3,440.3,179.5941,2023-01-28 14:00:00
441.4,441.4,433.4,437.8,234.863,2023-01-28 15:00:00
437.6,443.8,437.6,441.9,41.6702,2023-01-28 16:00:00
441.9,447.8,440.9,445.7,98.3712,2023-01-28 17:00:00
445.1,446.9,442.3,446.1,178.4919,2023-01-28 18:00:00
445.8,445.8,442.7,443.6,37.2393,2023-01-28 19:00:00
445.4,446.4,440.8,444.3,82.1747,2023-01-28 20:00:00
444.1,450.0,443.1,449.6,89.9555,2023-01-28 21:00:00
451.2,451.4,446.3,447.6,102.9158,2023-01-28 22:00:00
448.0,452.2,445.2,452.1,201.156,2023-01-28 23:00:00
452.4,461.6,450.6,460.4,129.2222,2023-01-29 00:00:00
460.7,464.8,459.3,463.9,279.9635,2023-01-29 01:00:00
464.5,476.0,464.5,475.6,477.872,2023-01-29 02:00:00
476.0,484.1,476.0,481.6,464.0253,2023-01-29 03:00:00
482.7,487.4,478.0,485.5,237.0815,2023-01-29 04:00:00
484.1,489.9,480.7,488.7,268.0604,2023-01-29 05:00:00
488.5,507.5,486.0,505.8,479.2396,2023-01-29 06:00:00
505.6,520.1,505.6,517.2,337.9869,2023-01-29 07:00:00
517.6,535.0,517.0,535.0,1051.2156,2023-01-29 08:00:00
535.5,543.0,526.5,541.2,321.7769,2023-01-29 09:00:00
542.7,545.4,524.2,527.4,736.6904,2023-01-29 10:00:00
528.3,528.9,520.4,525.5,408.0783,2023-01-29 11:00:00
525.9,528.2,507.4,514.0,865.8689,2023-01-29 12:00:00
514.3,521.7,514.2,521.7,259.17,2023-01-29 13:00:00
521.9,526.5,521.1,524.9,366.9372,2023-01-29 14:00:00
524.6,530.0,524.2,527.2,372.593,2023-01-29 15:00:00
527.2,531.0,523.3,523.6,293.2038,2023-01-29 16:00:00
523.4,523.4,514.3,521.0,1232.8578,2023-01-29 17:00:00
520.6,530.0,519.7,527.9,358.2617,2023-01-29 18:00:00
528.1,529.6,523.9,526.0,209.3011,2023-01-29 19:00:00
525.7,525.7,516.9,517.2,419.9248,2023-01-29 20:00:00
518.0,519.0,509.4,510.8,251.9126,2023-01-29 21:00:00
510.9,517.3,506.1,513.2,269.0584,2023-01-29 22:00:00
513.5,518.7,510.1,512.8,158.5099,2023-01-29 23:00:00
512.6,514.2,508.5,509.6,188.9807,2023-01-30 00:00:00
509.9,516.7,509.2,514.0,185.1135,2023-01-30 01:00:00
514.8,519.9,514.8,518.5,245.3858,2023-01-30 02:00:00
518.6,525.1,515.8,522.7,293.0448,2023-01-30 03:00:00
522.6,524.7,516.5,523.8,236.4213,2023-01-30 04:00:00
523.3,525.1,519.7,521.7,150.1697,2023-01-30 05:00:00
522.2,529.2,519.5,523.8,131.345,2023-01-30 06:00:00
524.1,524.1,517.2,520.9,74.3036,2023-01-30 07:00:00
520.9,523.7,518.6,520.5,49.4896,2023-01-30 08:00:00
519.8,524.1,519.6,522.5,57.4885,2023-01-30 09:00:00
521.0,527.7,520.6,526.2,49.9084,2023-01-30 10:00:00
526.6,528.4,522.1,527.2,23.9567,2023-01-30 11:00:00
527.0,532.0,526.4,527.9,160.4483,2023-01-30 12:00:00
527.9,531.6,525.1,530.3,153.6463,2023-01-30 13:00:00
530.0,536.9,523.5,526.7,325.2581,2023-01-30 14:00:00
526.8,542.6,526.8,540.8,269.8544,2023-01-30 15:00:00
540.4,550.5,535.2,541.5,352.0129,2023-01-30 16:00:00
541.8,558.1,541.7,556.8,540.082,2023-01-30 17:00:00
557.0,566.5,544.9,545.8,634.2502,2023-01-30 18:00:00
545.8,547.7,540.7,542.9,365.2799,2023-01-30 19:00:00
543.8,562.9,543.8,557.4,364.6739,2023-01-30 20:00:00
557.6,571.6,554.7,565.8,1073.6071,2023-01-30 21:00:00
566.2,570.5,553.6,554.9,613.8413,2023-01-30 22:00:00
556.0,559.8,551.2,552.7,151.1622,2023-01-30 23:00:00
553.1,559.6,549.8,556.1,193.1345,2023-01-31 00:00:00
556.0,558.3,552.4,556.6,186.3755,2023-01-31 01:00:00
556.3,559.6,552.4,558.1,150.1109,2023-01-31 02:00:00
557.6,565.7,551.4,557.7,302.7817,2023-01-31 03:00:00
557.4,557.5,547.9,554.2,143.7117,2023-01-31 04:00:00
554.1,554.5,549.4,552.5,147.122,2023-01-31 05:00:00
554.0,555.1,545.2,548.9,308.6774,2023-01-31 06:00:00
548.3,551.4,546.8,551.1,95.3177,2023-01-31 07:00:00
551.3,552.4,549.4,549.5,17.6466,2023-01-31 08:00:00
549.3,554.7,549.1,553.9,56.9202,2023-01-31 09:00:00
554.2,562.5,552.2,558.8,175.1743,2023-01-31 10:00:00
558.7,560.1,555.8,556.8,36.2297,2023-01-31 11:00:00
558.1,564.9,557.4,563.4,137.2162,2023-01-31 12:00:00
564.1,577.2,563.4,571.0,173.5022,2023-01-31 13:00:00
571.2,571.3,561.1,561.4,209.08,2023-01-31 14:00:00
562.7,564.7,560.3,562.4,266.0726,2023-01-31 15:00:00
562.7,564.8,560.5,561.0,152.625,2023-01-31 16:00:00
560.8,569.3,560.3,566.6,109.8819,2023-01-31 17:00:00
565.9,583.9,565.1,576.6,472.043,2023-01-31 18:00:00
575.9,586.4,573.7,578.0,212.9382,2023-01-31 19:00:00
576.5,581.5,573.7,576.3,126.4294,2023-01-31 20:00:00
576.0,576.0,558.2,559.7,306.5642,2023-01-31 21:00:00
558.9,565.6,555.3,556.2,251.3873,2023-01-31 22:00:00
558.2,561.6,554.5,561.3,156.9791,2023-01-31 23:00:00
562.9,565.2,560.3,563.0,94.5135,2023-02-01 00:00:00
563.6,575.1,560.8,568.9,335.4652,2023-02-01 01:00:00
568.5,573.8,565.2,566.6,233.4989,2023-02-01 02:00:00
566.8,567.6,564.5,565.0,123.8266,2023-02-01 03:00:00
564.9,565.7,561.3,562.1,90.9362,2023-02-01 04:00:00
562.1,562.6,559.6,560.3,65.6617,2023-02-01 05:00:00
559.8,562.9,556.7,560.7,67.8467,2023-02-01 06:00:00
560.8,561.3,551.8,556.0,122.5541,2023-02-01 07:00:00
555.6,559.3,552.7,558.8,37.4569,2023-02-01 08:00:00
558.6,560.3,557.7,557.9,9.9852,2023-02-01 09:00:00
558.3,559.2,556.4,558.7,14.7991,2023-02-01 10:00:00
558.0,560.9,557.0,560.9,22.3871,2023-02-01 11:00:00
559.8,564.4,558.6,563.4,86.3388,2023-02-01 12:00:00
561.6,561.7,554.9,555.7,117.8393,2023-02-01 13:00:00
555.7,555.9,549.8,554.2,189.7746,2023-02-01 14:00:00
553.8,555.7,549.0,549.0,86.9098,2023-02-01 15:00:00
549.5,552.3,547.6,551.8,189.7922,2023-02-01 16:00:00
551.6,556.9,549.4,555.5,153.4362,2023-02-01 17:00:00
553.6,556.7,551.7,553.4,176.7853,2023-02-01 18:00:00
553.9,557.9,553.7,554.4,66.8966,2023-02-01 19:00:00
554.6,562.9,543.0,560.9,281.0621,2023-02-01 20:00:00
560.7,563.8,555.9,563.0,75.8783,2023-02-01 21:00:00
563.2,566.0,557.0,559.3,85.3699,2023-02-01 22:00:00
559.2,563.0,555.2,557.0,94.9122,2023-02-01 23:00:00
557.0,557.9,554.1,554.7,66.4994,2023-02-02 00:00:00
555.6,558.7,555.6,557.3,47.2932,2023-02-02 01:00:00
559.0,562.2,556.3,557.7,63.7518,2023-02-02 02:00:00
558.3,566.5,556.3,563.6,158.5452,2023-02-02 03:00:00
563.6,571.2,560.3,571.2,120.0178,2023-02-02 04:00:00
571.3,572.7,562.1,563.4,128.2095,2023-02-02 05:00:00
563.4,564.5,552.4,553.4,165.3997,2023-02-02 06:00:00
553.4,561.4,550.7,560.7,99.4638,2023-02-02 07:00:00
560.6,573.5,559.2,567.6,185.5745,2023-02-02 08:00:00
567.6,567.6,562.7,562.7,24.9278,2023-02-02 09:00:00
563.4,565.5,561.3,562.9,77.5123,2023-02-02 10:00:00
563.1,563.5,555.0,555.9,77.0955,2023-02-02 11:00:00
555.9,561.8,552.4,555.7,227.0238,2023-02-02 12:00:00
556.4,558.7,552.6,556.8,144.5926,2023-02-02 13:00:00
557.3,560.2,550.1,552.5,188.0327,2023-02-02 14:00:00
553.6,554.5,549.1,550.1,42.3525,2023-02-02 15:00:00
549.9,549.9,543.1,545.1,227.8854,2023-02-02 16:00:00
545.5,551.0,544.6,548.5,136.0543,2023-02-02 17:00:00
547.8,550.1,543.6,544.4,152.0668,2023-02-02 18:00:00
545.0,557.5,541.2,554.9,246.9823,2023-02-02 19:00:00
554.7,574.6,552.1,563.5,489.9344,2023-02-02 20:00:00
563.9,576.4,561.1,570.6,483.7057,2023-02-02 21:00:00
570.9,588.9,568.5,576.2,780.559,2023-02-02 22:00:00
576.0,578.0,555.2,561.9,360.2938,2023-02-02 23:00:00
561.9,567.4,559.0,563.2,102.6058,2023-02-03 00:00:00
565.2,569.5,560.4,561.5,95.6555,2023-02-03 01:00:00
562.1,564.6,556.7,561.1,235.9373,2023-02-03 02:00:00
561.2,561.8,554.8,556.8,116.276,2023-02-03 03:00:00
557.2,558.1,552.9,553.6,101.446,2023-02-03 04:00:00
552.7,556.7,549.5,556.1,101.9072,2023-02-03 05:00:00
556.1,558.9,550.4,550.8,111.4631,2023-02-03 06:00:00
550.3,554.9,548.1,552.7,87.2678,2023-02-03 07:00:00
552.9,552.9,544.5,544.8,170.4981,2023-02-03 08:00:00
545.4,548.7,540.7,544.4,257.8439,2023-02-03 09:00:00
544.4,544.4,535.3,535.3,221.1014,2023-02-03 10:00:00
535.6,535.6,532.5,534.2,215.3415,2023-02-03 11:00:00
534.6,539.3,532.0,538.7,80.5154,2023-02-03 12:00:00
538.6,541.4,538.5,540.1,173.3147,2023-02-03 13:00:00
539.7,543.5,538.4,542.0,108.2686,2023-02-03 14:00:00
542.7,542.7,532.8,535.8,80.1056,2023-02-03 15:00:00
535.1,536.8,532.6,535.4,75.3754,2023-02-03 16:00:00
535.4,537.9,533.0,536.1,117.4377,2023-02-03 17:00:00
534.9,535.5,530.5,533.7,115.0864,2023-02-03 18:00:00
532.5,540.3,532.1,538.6,192.1902,2023-02-03 19:00:00
538.5,538.5,527.6,532.1,147.8047,2023-02-03 20:00:00
531.2,539.1,512.0,526.0,1128.5905,2023-02-03 21:00:00
525.9,529.2,518.7,520.4,269.0606,2023-02-03 22:00:00
520.1,521.6,513.3,515.3,305.1337,2023-02-03 23:00:00
515.0,520.4,507.7,508.5,407.3824,2023-02-04 00:00:00
507.8,513.7,500.0,503.3,430.8868,2023-02-04 01:00:00
503.2,505.5,498.6,503.5,470.0325,2023-02-04 02:00:00
505.5,508.5,499.5,499.5,186.5377,2023-02-04 03:00:00
499.0,505.9,497.5,505.1,170.8812,2023-02-04 04:00:00
503.0,503.0,498.0,498.8,56.7779,2023-02-04 05:00:00
499.7,501.8,496.7,499.5,82.2778,2023-02-04 06:00:00
498.6,498.6,490.1,492.3,184.2451,2023-02-04 07:00:00
491.3,492.7,475.0,486.0,377.3956,2023-02-04 08:00:00
485.1,485.2,477.7,481.1,134.5889,2023-02-04 09:00:00
481.5,481.7,472.5,472.5,108.6169,2023-02-04 10:00:00
473.0,477.3,470.1,471.1,82.1975,2023-02-04 11:00:00
472.4,473.2,455.2,457.5,803.2674,2023-02-04 12:00:00
457.7,476.0,457.5,470.5,480.2845,2023-02-04 13:00:00
470.9,482.6,470.9,477.4,444.2927,2023-02-04 14:00:00
476.0,479.8,472.4,473.4,279.8253,2023-02-04 15:00:00
473.4,476.1,469.7,471.6,127.1417,2023-02-04 16:00:00
470.4,471.6,464.1,469.3,307.409,2023-02-04 17:00:00
469.2,473.9,465.0,465.7,275.5743,2023-02-04 18:00:00
466.7,473.5,466.7,469.6,163.9514,2023-02-04 19:00:00
469.5,475.2,468.9,472.1,117.2243,2023-02-04 20:00:00
471.4,477.1,464.4,468.5,225.9386,2023-02-04 21:00:00
469.0,470.6,458.8,459.1,338.8279,2023-02-04 22:00:00
459.1,466.0,438.1,457.4,1636.734,2023-02-04 23:00:00
456.5,473.1,450.7,461.7,733.8586,2023-02-05 00:00:00
462.3,470.7,459.2,467.8,173.4043,2023-02-05 01:00:00
467.8,469.4,459.9,462.8,89.8721,2023-02-05 02:00:00
460.8,466.0,455.9,462.8,362.8591,2023-02-05 03:00:00
462.8,474.1,462.7,471.1,275.8496,2023-02-05 04:00:00
469.6,470.0,465.7,468.3,87.046,2023-02-05 05:00:00
467.2,471.2,465.4,471.2,208.538,2023-02-05 06:00:00
471.3,475.6,469.5,469.5,93.9946,2023-02-05 07:00:00
469.8,470.2,460.0,468.5,213.6588,2023-02-05 08:00:00
467.0,467.0,460.0,460.2,89.757,2023-02-05 09:00:00
460.7,462.9,457.5,462.6,49.9939,2023-02-05 10:00:00
461.6,462.8,457.9,458.3,39.7523,2023-02-05 11:00:00
458.3,461.0,455.1,455.6,45.0254,2023-02-05 12:00:00
455.0,457.4,445.8,447.3,366.8827,2023-02-05 13:00:00
449.8,458.4,446.4,455.1,254.1664,2023-02-05 14:00:00
455.8,463.1,455.8,460.0,111.714,2023-02-05 15:00:00
459.9,459.9,449.0,452.8,331.8166,2023-02-05 16:00:00
452.2,459.0,450.6,452.5,276.5493,2023-02-05 17:00:00
452.5,454.8,448.7,451.1,123.1843,2023-02-05 18:00:00
451.0,452.4,437.7,439.5,286.7354,2023-02-05 19:00:00
439.3,447.8,435.0,442.0,298.7901,2023-02-05 20:00:00
442.8,468.2,441.2,460.9,509.1293,2023-02-05 21:00:00
461.0,466.7,453.4,459.5,214.0027,2023-02-05 22:00:00
459.8,459.8,443.7,447.8,293.8603,2023-02-05 23:00:00
446.8,450.2,444.0,447.7,87.5861,2023-02-06 00:00:00
445.6,448.6,437.5,437.6,266.1124,2023-02-06 01:00:00
438.4,439.6,427.7,433.5,733.8599,2023-02-06 02:00:00
432.3,438.3,430.9,431.0,542.5243,2023-02-06 03:00:00
430.6,439.0,429.1,432.1,176.5381,2023-02-06 04:00:00
432.8,434.0,429.1,432.0,100.8134,2023-02-06 05:00:00
434.4,437.8,428.7,428.8,237.5462,2023-02-06 06:00:00
431.6,432.9,426.6,429.0,148.2794,2023-02-06 07:00:00
429.0,433.1,427.4,430.7,99.8932,2023-02-06 08:00:00
430.4,435.6,429.4,432.1,86.8465,2023-02-06 09:00:00
434.5,439.7,430.3,431.3,153.1991,2023-02-06 10:00:00
432.9,444.2,431.1,437.0,115.0464,2023-02-06 11:00:00
437.4,446.5,437.2,445.0,263.6673,2023-02-06 12:00:00
445.1,478.1,442.3,450.0,1078.9302,2023-02-06 13:00:00
449.5,452.5,445.4,448.9,444.0565,2023-02-06 14:00:00
449.0,455.8,447.4,451.4,316.6,2023-02-06 15:00:00
450.6,452.7,446.8,452.5,165.073,2023-02-06 16:00:00
451.2,451.2,442.9,447.5,137.413,2023-02-06 17:00:00
447.1,448.5,439.1,445.6,307.1632,2023-02-06 18:00:00
445.1,448.0,420.1,431.0,1827.7366,2023-02-06 19:00:00
430.5,439.4,429.2,433.1,329.7273,2023-02-06 20:00:00
432.0,437.7,423.0,432.6,461.4439,2023-02-06 21:00:00
432.9,432.9,425.0,427.8,210.1293,2023-02-06 22:00:00
428.5,446.0,427.3,445.7,329.0646,2023-02-06 23:00:00
444.2,444.6,437.4,440.3,220.7561,2023-02-07 00:00:00
440.9,444.2,437.9,442.4,203.4291,2023-02-07 01:00:00
440.8,441.6,435.2,437.0,95.627,2023-02-07 02:00:00
437.1,438.9,436.3,437.2,104.2455,2023-02-07 03:00:00
436.4,440.2,433.8,440.0,128.9537,2023-02-07 04:00:00
439.7,441.6,438.2,439.0,83.6691,2023-02-07 05:00:00
439.0,439.8,435.5,438.5,83.2197,2023-02-07 06:00:00
438.7,439.9,431.8,432.9,327.479,2023-02-07 07:00:00
434.5,437.0,433.9,435.7,62.6195,2023-02-07 08:00:00
434.1,434.4,430.6,431.3,31.7823,2023-02-07 09:00:00
432.7,434.7,430.2,432.4,50.605,2023-02-07 10:00:00
431.9,434.6,431.4,434.3,66.7449,2023-02-07 11:00:00
435.2,437.3,434.4,434.7,65.6069,2023-02-07 12:00:00
434.2,435.7,430.8,432.0,203.0776,2023-02-07 13:00:00
432.2,433.5,428.1,429.7,196.1485,2023-02-07 14:00:00
430.6,432.0,429.4,430.5,83.7592,2023-02-07 15:00:00
430.7,435.9,430.7,435.1,68.7575,2023-02-07 16:00:00
435.3,436.5,433.4,434.2,84.4701,2023-02-07 17:00:00
434.5,436.0,432.1,432.1,109.3632,2023-02-07 18:00:00
432.3,432.8,428.0,429.5,309.6132,2023-02-07 19:00:00
430.2,433.0,428.3,432.7,110.2723,2023-02-07 20:00:00
432.2,433.4,430.7,431.5,38.5878,2023-02-07 21:00:00
432.2,436.7,428.4,433.7,297.3605,2023-02-07 22:00:00
433.4,433.4,430.8,431.7,84.1619,2023-02-07 23:00:00
432.7,434.3,430.7,433.1,91.9618,2023-02-08 00:00:00
433.1,434.9,431.8,434.0,39.388,2023-02-08 01:00:00
434.6,445.2,433.7,444.9,329.6983,2023-02-08 02:00:00
444.6,459.2,444.2,453.0,543.9532,2023-02-08 03:00:00
453.7,456.0,447.5,449.7,785.645,2023-02-08 04:00:00
449.2,450.4,445.0,445.0,126.2627,2023-02-08 05:00:00
447.1,450.6,445.9,447.7,462.3249,2023-02-08 06:00:00
447.4,447.4,440.1,445.1,279.2847,2023-02-08 07:00:00
446.9,447.6,442.7,447.6,21.5444,2023-02-08 08:00:00
448.1,448.1,441.2,444.5,50.6176,2023-02-08 09:00:00
444.5,447.7,443.0,446.3,9.5531,2023-02-08 10:00:00
447.0,450.5,446.8,450.2,158.5512,2023-02-08 11:00:00
450.4,451.8,443.0,443.0,155.5208,2023-02-08 12:00:00
443.7,446.8,441.6,445.2,60.9874,2023-02-08 13:00:00
445.4,447.4,441.6,442.0,140.9505,2023-02-08 14:00:00
442.0,443.7,435.7,438.0,148.6811,2023-02-08 15:00:00
439.1,439.2,433.8,439.2,219.8016,2023-02-08 16:00:00
438.9,443.9,438.1,443.2,175.6528,2023-02-08 17:00:00
442.6,445.5,439.6,441.5,786.4565,2023-02-08 18:00:00
441.3,449.2,440.4,446.7,300.0232,2023-02-08 19:00:00
447.6,451.2,444.8,445.6,248.695,2023-02-08 20:00:00
445.6,450.8,442.0,447.2,224.2116,2023-02-08 21:00:00
447.3,449.1,443.7,448.6,118.9449,2023-02-08 22:00:00
449.7,450.6,445.1,450.5,241.0934,2023-02-08 23:00:00
450.7,451.7,446.8,446.8,148.6379,2023-02-09 00:00:00
447.4,447.8,445.0,446.3,143.495,2023-02-09 01:00:00
445.9,448.3,442.4,443.9,83.0316,2023-02-09 02:00:00
444.7,444.7,439.5,440.2,112.2799,2023-02-09 03:00:00
440.0,440.7,435.7,438.0,848.0607,2023-02-09 04:00:00
438.9,444.8,438.4,443.9,121.2475,2023-02-09 05:00:00
443.0,458.2,443.0,451.2,751.3446,2023-02-09 06:00:00
451.0,452.4,442.5,443.7,113.1976,2023-02-09 07:00:00
443.7,445.0,432.2,435.4,275.3828,2023-02-09 08:00:00
436.1,437.7,428.3,431.5,183.6048,2023-02-09 09:00:00
431.2,436.5,430.4,430.9,260.2159,2023-02-09 10:00:00
431.0,431.0,422.1,422.5,116.9257,2023-02-09 11:00:00
422.6,425.0,408.3,411.9,687.723,2023-02-09 12:00:00
412.2,422.3,412.2,419.2,480.1293,2023-02-09 13:00:00
418.9,418.9,407.1,410.5,699.5192,2023-02-09 14:00:00
410.5,412.2,403.9,406.8,723.6587,2023-02-09 15:00:00
406.0,406.6,401.6,403.7,697.654,2023-02-09 16:00:00
403.9,404.4,392.1,393.4,1280.9628,2023-02-09 17:00:00
393.4,400.6,390.9,396.5,658.3857,2023-02-09 18:00:00
396.0,408.0,393.3,399.0,543.1917,2023-02-09 19:00:00
399.4,411.0,383.6,407.1,1440.6688,2023-02-09 20:00:00
407.7,416.1,406.2,410.2,751.7426,2023-02-09 21:00:00
409.8,413.1,402.0,402.2,379.3535,2023-02-09 22:00:00
402.1,406.0,398.1,399.1,423.5838,2023-02-09 23:00:00
399.3,403.4,392.0,399.4,415.974,2023-02-10 00:00:00
399.1,404.8,396.3,401.1,124.3212,2023-02-10 01:00:00
400.5,418.0,397.0,414.8,896.4836,2023-02-10 02:00:00
414.9,423.9,412.2,419.8,379.6171,2023-02-10 03:00:00
419.4,428.7,419.4,422.0,883.6564,2023-02-10 04:00:00
421.0,423.0,419.0,420.9,152.025,2023-02-10 05:00:00
420.3,421.9,416.8,417.7,299.8627,2023-02-10 06:00:00
420.2,427.0,419.2,420.5,147.3374,2023-02-10 07:00:00
421.0,428.0,419.6,421.9,43.6945,2023-02-10 08:00:00
423.2,425.2,421.3,422.1,46.0574,2023-02-10 09:00:00
424.2,425.5,422.4,425.5,27.0513,2023-02-10 10:00:00
427.0,427.8,420.0,420.2,72.1546,2023-02-10 11:00:00
420.7,422.6,419.2,420.9,217.2546,2023-02-10 12:00:00
421.0,422.4,417.5,417.6,817.9143,2023-02-10 13:00:00
420.2,423.8,419.8,420.7,253.4758,2023-02-10 14:00:00
421.1,433.3,419.6,430.0,655.4432,2023-02-10 15:00:00
430.2,430.2,423.0,423.6,1579.9246,2023-02-10 16:00:00
425.3,425.3,419.5,420.2,342.6865,2023-02-10 17:00:00
420.6,421.3,412.8,413.6,388.2596,2023-02-10 18:00:00
413.6,422.7,410.2,418.1,2175.09,2023-02-10 19:00:00
418.4,427.2,416.3,418.8,334.5194,2023-02-10 20:00:00
418.8,423.1,417.3,419.4,696.5698,2023-02-10 21:00:00
419.3,419.4,413.7,415.4,311.9719,2023-02-10 22:00:00
414.5,417.9,412.6,414.4,232.0326,2023-02-10 23:00:00
416.1,417.8,413.0,415.5,136.132,2023-02-11 00:00:00
415.5,415.5,411.9,414.0,291.459,2023-02-11 01:00:00
414.7,418.6,410.6,415.3,1562.3588,2023-02-11 02:00:00
416.5,419.8,414.4,415.8,364.9402,2023-02-11 03:00:00
416.8,421.8,416.5,421.8,181.5524,2023-02-11 04:00:00
421.7,421.7,416.0,416.9,399.7795,2023-02-11 05:00:00
416.9,422.0,415.6,419.8,1217.9227,2023-02-11 06:00:00
419.5,422.5,416.7,420.0,584.2763,2023-02-11 07:00:00
419.7,420.8,412.4,412.4,72.4383,2023-02-11 08:00:00
412.2,416.3,411.8,416.3,62.5029,2023-02-11 09:00:00
417.9,418.1,413.2,416.6,21.5749,2023-02-11 10:00:00
415.8,415.9,413.8,415.6,39.125,2023-02-11 11:00:00
415.4,415.5,411.5,415.1,136.7011,2023-02-11 12:00:00
415.5,419.7,415.3,415.4,177.8882,2023-02-11 13:00:00
416.6,419.4,413.8,413.8,176.1405,2023-02-11 14:00:00
414.4,414.4,412.6,412.6,7.988,2023-02-11 15:00:00
